{"cameraMode":{"drawMode":0,"name":"Shaded","section":"Shading Mode"},"sceneLighting":false,"audioPlay":false,"sceneViewState":{"m_AlwaysRefresh":false,"showFog":true,"showSkybox":false,"showFlares":true,"showImageEffects":true,"showParticleSystems":true,"showVisualEffectGraphs":true,"m_FxEnabled":true},"in2DMode":false,"pivot":{"x":0.0015064477920532227,"y":1.6467750072479249,"z":29.285343170166017},"rotation":{"x":-0.2699391543865204,"y":-0.4651902914047241,"z":0.15150095522403718,"w":-0.8293529748916626},"size":2.5305521488189699,"orthographic":false}